ID,segment,activity,score,quality,start_time,end_time
BC_0083,0,LLLLLSSSSS,0.6942675159999999,Poor,2015-02-09 14:00:00,2015-02-09 18:30:00
BC_0083,1,LLLLLLLLLLLLLSSSSSSSSSSSSSSSSSSS,0.754816112,Poor,2015-02-09 18:30:00,2015-02-10 10:00:00
BC_0083,2,LLLLLLLLVLS,1.0,Good,2015-02-10 10:00:00,2015-02-10 15:00:00
BC_0083,3,LLLVVVVLLLLLLLLLSSSSSSSSSSSSSSS,0.82012848,Poor,2015-02-10 15:00:00,2015-02-11 06:00:00
BC_0083,4,MMMLLLLLLLLLVLLLVLLLS,0.793103448,Poor,2015-02-11 06:00:00,2015-02-11 16:00:00
BC_0083,5,LLLLLLLLLLLLLLLSSSSSSSSSSSSSS,0.773626374,Poor,2015-02-11 16:00:00,2015-02-12 06:00:00
BC_0083,6,MMMLLLLLLLLLLLLLMSSSSSSSSSSSSSSS,1.0,Good,2015-02-12 06:00:00,2015-02-12 21:30:00
BC_0083,7,LLLLYYYSSSSSSSS,0.661764706,Poor,2015-02-12 21:30:00,2015-02-13 04:30:00
BC_0083,8,YYYSSSSSSSSSS,0.497206704,Poor,2015-02-13 04:30:00,2015-02-13 10:30:00
BC_0083,9,LLYSSSS,0.955555556,Good,2015-02-13 10:30:00,2015-02-13 13:30:00
BC_0083,10,YYYYVVVYYVVVSS,0.739130435,Poor,2015-02-13 13:30:00,2015-02-13 20:00:00
BC_0083,11,LLVVLLLLYYSSSSSSSSSSSSSSSSSSSSS,0.751412429,Poor,2015-02-13 20:00:00,2015-02-14 11:00:00
BC_0083,12,LLLMLLLLMLLLVVVLLLLLLSSSSSSSSSSSSSSSSSS,1.0,Good,2015-02-14 11:00:00,2015-02-15 06:00:00
BC_0083,13,LLLLLLMMMVVVLLVLLSSSS,0.865546218,Good,2015-02-15 06:00:00,2015-02-15 16:00:00
BC_0083,14,LLLLLLLLLLLSSSSSSSSSSSSSSSSSSS,1.0,Good,2015-02-15 16:00:00,2015-02-16 06:30:00
BC_0090,0,LLLLYYYLLLLVMMYYYYSSSSSSSSSSSSSSSSS,0.750793651,Poor,2015-02-09 14:00:00,2015-02-10 07:00:00
BC_0090,1,LLYLLMMMMVVMMMLMMVVLLLLMMYLLYYYSSSSSSSSSSSSSS,0.6943907159999999,Poor,2015-02-10 07:00:00,2015-02-11 05:00:00
BC_0090,2,MMMLVLLLLLLLLLLLLLVVLMMLLLLLLLYYYYYSSSSSSSSSSSSSS,0.681300813,Poor,2015-02-11 05:00:00,2015-02-12 05:00:00
BC_0090,3,MMYYVLLLLLLLLLVLLLLLYLLLLLLLMLVVVMMMYYLLYSSSSSSSSSSSSSSSS,0.821180556,Poor,2015-02-12 05:00:00,2015-02-13 09:00:00
BC_0090,4,YYYYLLLLLLMMMLLLLLLLMMLLVLLVVLLSSSSSSSSSSSSSSSSSSS,0.8475409840000001,Poor,2015-02-13 09:00:00,2015-02-14 09:30:00
BC_0090,5,LLLLLMMLLLLLLLLLLLLLYYYLLYYYSSSSSSSSSSSS,0.8136363640000001,Poor,2015-02-14 09:30:00,2015-02-15 05:00:00
BC_0090,6,MMMLLLLMMMMMVVLLLLLVLLLYYYYYYMMLLYYSSSSSSSSSSSSSS,0.7563559320000001,Poor,2015-02-15 05:00:00,2015-02-16 05:00:00
BC_0159,0,LLLLYYYYYYMLLLLSSSSSSSSSSSSSSSSSSSSSSSSSSSSSSSSSS,0.997933884,Good,2015-03-01 06:30:00,2015-03-02 06:30:00
BC_0256,0,LLLLSSSSSSSS,0.979423868,Good,2015-02-25 14:00:00,2015-02-25 19:30:00
BC_0256,1,LLLYYLYYYYMYLYYYYYSSSS,0.28881987600000003,Poor,2015-02-25 19:30:00,2015-02-26 06:00:00
BC_0256,2,LLLLLLLLLLLLLLLMMYYYYLLLLLLMMMYLLLLYYYSSSSSSSSSSSSSSSSSSSSSSSSSS,0.771396396,Poor,2015-02-26 06:00:00,2015-02-27 13:30:00
BC_0256,3,LLLLLLLLLMLLLLLLMLLLLLLLYYYYSSSSSSSSSSSSSSSSSS,0.7786032690000001,Poor,2015-02-27 13:30:00,2015-02-28 12:00:00
BC_0256,4,YYYYYYYYLLLLLLLLLLLLLLLLLYYYYYYYYSSS,0.188202247,Poor,2015-02-28 12:00:00,2015-03-01 05:30:00
BC_0256,5,LLLLLLLLMLLLLLYYLLYYSSSSSSS,0.69581749,Poor,2015-03-01 06:00:00,2015-03-01 19:00:00
BC_0256,6,YYYYYYYLLLMYYYYSSSSSSS,0.592696629,Poor,2015-03-01 19:00:00,2015-03-02 05:30:00
BC_0256,7,LLLLLLLLLLLLLLLLLLLLLLYSSSSSSSSSS,0.915309446,Good,2015-03-02 05:30:00,2015-03-02 21:30:00
BC_0256,8,YYYYYYYYYYSSSSSSSSSSSSSSSSSS,0.59622196,Poor,2015-03-02 21:30:00,2015-03-03 11:00:00
BC_0256,9,YYYYYLSSSSSSSSSSSSSSSSSSSSSSSSSSSSSSSSSS,0.997067449,Good,2015-03-03 11:00:00,2015-03-04 06:30:00
BC_0267,0,YYLYLLLLLLLLLYYSSSSSSSSSSSSSSS,0.883168317,Good,2015-03-01 14:00:00,2015-03-02 04:30:00
BC_0267,1,LLYYYLLLLLLLLLLLLLLYYLLLLLLLLLLYSSSSSSSSSSSSSSSSSSS,0.806078148,Poor,2015-03-02 04:30:00,2015-03-03 05:30:00
BC_0267,2,YYYYLYYYLLLLLLLLLLLLLLLLLLLLLLLLYSSSSSSSSSSS,0.849358974,Poor,2015-03-03 05:30:00,2015-03-04 03:00:00
BC_0267,3,YYYYYSS,0.798780488,Poor,2015-03-04 03:00:00,2015-03-04 06:00:00
BC_0267,4,YYSS,1.0,Good,2015-03-04 06:00:00,2015-03-04 07:30:00
BC_0267,5,LLLLLLLLLLLLLLYLLLLLLLLLLLLLSSSSSSSSSSSSSSS,0.91218638,Good,2015-03-04 07:30:00,2015-03-05 04:30:00
BC_0267,6,LLLYYLLLLLLLLLLLLLLYYLLS,0.576470588,Poor,2015-03-05 04:30:00,2015-03-05 16:00:00
BC_0267,7,LLLLLLLLLLYSSSSSSSSSSSSSSSSSS,0.886792453,Good,2015-03-05 16:00:00,2015-03-06 06:00:00
BC_0267,8,LLYYYYYLYLLMMLL,0.6279461279999999,Poor,2015-03-06 06:00:00,2015-03-06 13:00:00
BC_0269,0,LLLLLLLLLLMYYLLLLYSSSSSSSSSSSSSSS,0.74732334,Poor,2015-03-02 14:00:00,2015-03-03 06:00:00
BC_0269,1,LLLLLLLLMLLLLLLLLLLLLLLSS,0.452941176,Poor,2015-03-03 06:00:00,2015-03-03 18:00:00
BC_0269,2,YYYLLLLLLLLYYYSSSSSSSSSS,0.679334917,Poor,2015-03-03 18:00:00,2015-03-04 05:30:00
BC_0269,3,YYYYLLLLLLLLLMLLLLLLLLLLSSS,0.8620689659999999,Good,2015-03-04 05:30:00,2015-03-04 18:30:00
BC_0269,4,LLLLLLLLLLSSSSSSSSSSSSSS,0.6960556840000001,Poor,2015-03-04 18:30:00,2015-03-05 06:00:00
BC_0269,5,LLLLLLLLLLLLMLLLLLYSSSSS,0.665116279,Poor,2015-03-05 06:00:00,2015-03-05 17:30:00
BC_0269,6,LLLLLLLLLLLLLLLLLLLLLLLLSSSSSSSSSSS,0.8,Poor,2015-03-05 17:30:00,2015-03-06 10:30:00
BC_0269,7,LLLLLLLLS,1.0,Good,2015-03-06 10:30:00,2015-03-06 14:30:00
BC_0269,8,LLLLLLLLLLLLLLLLLYSSSSSSSSSS,0.71875,Poor,2015-03-06 14:30:00,2015-03-07 04:00:00
BC_0269,9,YYYYYYYSSSSSSS,0.854304636,Good,2015-03-07 04:00:00,2015-03-07 10:30:00
BC_0269,10,YYLLLLLLLLLLLLLLLLLMMLLLLSSSSSSSSSSSSSSS,0.831797235,Poor,2015-03-07 10:30:00,2015-03-08 06:00:00
